Post ID,Title,Url,Author,Score,Publish Date,Total No. of Comments,Permalink,Flair
ojbow8,"Daily Thread - July 13, 2021",https://www.reddit.com/r/Seahawks/comments/ojbow8/daily_thread_july_13_2021/,AutoModerator,1,2021-07-13 02:00:20,0,/r/Seahawks/comments/ojbow8/daily_thread_july_13_2021/,:New_Logo_Seahawks: Daily Thread :New_Logo_Seahawks:
ojdnwz,Seattle Seahawks Originals - Where are they now?,https://www.fieldgulls.com/2021/7/12/22570998/seattle-originals-where-are-they-now-seahawks-offseason,Due_Arm_6550,1,2021-07-13 04:31:03,0,/r/Seahawks/comments/ojdnwz/seattle_seahawks_originals_where_are_they_now/,Analysis
ojf9lh,Offseason Review Series: Seattle Seahawks 2021 Game-by-Game Prediction Survey,https://docs.google.com/forms/d/e/1FAIpQLSdh85RIOyI5B9r8mFJL7iOwySSjTIFsA_KuOouf92rYRlhRvw/viewform?usp=sf_link,King_Rajesh,1,2021-07-13 06:10:50,0,/r/Seahawks/comments/ojf9lh/offseason_review_series_seattle_seahawks_2021/,Opinion 
ojggbz,"Better, worse or the same? How the Seattle Seahawks' defense has changed this offseason",https://www.espn.com/blog/nfcwest/post/_/id/135364/better-worse-or-the-same-how-the-seattle-seahawks-defense-has-changed-this-offseason,blocis,1,2021-07-13 07:14:38,0,/r/Seahawks/comments/ojggbz/better_worse_or_the_same_how_the_seattle_seahawks/,Opinion 
ojgiyh,Seahawks' defense better or worse this offseason,https://www.espn.com/blog/nfcwest/post/_/id/135364/better-worse-or-the-same-how-the-seattle-seahawks-defense-has-changed-this-offseason,blocis,1,2021-07-13 07:18:16,0,/r/Seahawks/comments/ojgiyh/seahawks_defense_better_or_worse_this_offseason/,Opinion 
ojh40r,Chris Carson looking like a beast this year!!,https://i.redd.it/o53iqfe7tza71.png,AmorWrld999,1,2021-07-13 07:47:21,0,/r/Seahawks/comments/ojh40r/chris_carson_looking_like_a_beast_this_year/,Opinion 
ojh7ct,Running Back Rankings: The 32 best RBs entering the 2021 NFL season | PFF,https://www.reddit.com/r/Seahawks/comments/ojh7ct/running_back_rankings_the_32_best_rbs_entering/,blocis,1,2021-07-13 07:51:57,0,/r/Seahawks/comments/ojh7ct/running_back_rankings_the_32_best_rbs_entering/,Analysis
ojhkkm,2021 Seahawks 4K schedule wallpapers for Desktop and Mobile in multiple Time Zones,https://www.prosportsbackgrounds.com/nfl-teams/seattle-seahawks/,rcrvintage,1,2021-07-13 08:09:37,0,/r/Seahawks/comments/ojhkkm/2021_seahawks_4k_schedule_wallpapers_for_desktop/,Image
oji0uo,[OC] NFC West Preview: A Three-Way Battle for Supremacy,https://sharpclarke.com/2021/07/13/nfc-west-preview/,originalmuggins,1,2021-07-13 08:31:31,0,/r/Seahawks/comments/oji0uo/oc_nfc_west_preview_a_threeway_battle_for/,Analysis
ojk6tc,Chris Carson showing up well in the analysis here. He's in the best cluster there is in the article!,https://mfootballanalytics.com/2021/07/13/clustering-2020-nfl-running-backs/,ArjunMenon10,1,2021-07-13 10:16:25,0,/r/Seahawks/comments/ojk6tc/chris_carson_showing_up_well_in_the_analysis_here/,Analysis
ojlpua,"Waldron-Rams vs Schottenheimer-Seahawks, Quantifying the change on offense",https://www.reddit.com/r/Seahawks/comments/ojlpua/waldronrams_vs_schottenheimerseahawks_quantifying/,blocis,1,2021-07-13 11:29:14,0,/r/Seahawks/comments/ojlpua/waldronrams_vs_schottenheimerseahawks_quantifying/,Analysis
ojq7hr,"56,1% of Washington State residents are fully vaccinated, with it still being 67 days to our first home game of the year. It's looking good",https://www.reddit.com/r/Seahawks/comments/ojq7hr/561_of_washington_state_residents_are_fully/,LeaderEmpathetic,1,2021-07-13 15:07:02,0,/r/Seahawks/comments/ojq7hr/561_of_washington_state_residents_are_fully/,Opinion 
ojr8dt,"Clayton: Seahawks should get answers on Aldon Smith, Josh Gordon soon",https://sports.mynorthwest.com/1441865/clayton-seahawks-answers-soon-aldon-smith-josh-gordon/,qwertyqyle,1,2021-07-13 16:00:56,0,/r/Seahawks/comments/ojr8dt/clayton_seahawks_should_get_answers_on_aldon/,News
ojtajh,Remember this hawks (49er fan says hi),https://i.redd.it/v2lv1kazt2b71.jpg,True_Tomatillo_7262,1,2021-07-13 17:56:47,0,/r/Seahawks/comments/ojtajh/remember_this_hawks_49er_fan_says_hi/,Meme
ojtsux,3 Seahawks vs 49ers tickets,https://www.reddit.com/r/Seahawks/comments/ojtsux/3_seahawks_vs_49ers_tickets/,harpreet255,1,2021-07-13 18:25:41,0,/r/Seahawks/comments/ojtsux/3_seahawks_vs_49ers_tickets/,News
