Post ID,Title,Publish Date
oi5y2k,attention all apes,2021-07-11 07:57:43
oi5ztu,richard branson takes to the skies in flight to space,2021-07-11 08:00:18
oi66lf,is it possible to make shiba inu the next meme stock,2021-07-11 08:10:27
oi66xv,cielo waste solutions corp,2021-07-11 08:10:58
oi686v,hitmans wifes boyfriend,2021-07-11 08:12:51
oi68pc,i am batman,2021-07-11 08:13:40
oi692q,safe and secure way to make doubletriple your profits,2021-07-11 08:14:12
oi6alz,money amulet,2021-07-11 08:16:35
oi6blv,$k stmp gain on $k investment,2021-07-11 08:18:04
oi6bzl,protocol swap matic ltgt bsc,2021-07-11 08:18:40
oi6crc,$k stmp gain on $k investment,2021-07-11 08:19:52
oi6dmm,they still dont get it we are not leaving not financial advice,2021-07-11 08:21:14
oi6e0t,tryin to meet new stonk requirements,2021-07-11 08:21:50
oi6fo7,oh kenny you knew better,2021-07-11 08:24:16
oi6gb6,spce ğŸš€ğŸš€ğŸš€ğŸš€ğŸš€ğŸš€ğŸš€ğŸš€,2021-07-11 08:25:13
oi6kr8,ahem,2021-07-11 08:31:54
oi6m44,my portfolio,2021-07-11 08:34:05
oi6o8a,protocol swap matic bsc,2021-07-11 08:37:22
oi6oir,$spce the flight was successful ğŸš€ğŸš€ğŸš€,2021-07-11 08:37:47
oi6p39,theres no spaceship mode on cell phones,2021-07-11 08:38:41
oi6t7b,what if,2021-07-11 08:45:00
oi6ts4,i paid for my year college tuition at cornell university yoloing weekly options this month stocks only go up right i have no idea what im doing,2021-07-11 08:45:51
oi6tzr,spce,2021-07-11 08:46:11
oi6u23,richard branson reaches space on virgin galactic flight,2021-07-11 08:46:16
oi6vcc,$spce bull or bear,2021-07-11 08:48:12
oi6wh0,spce for the love of money official audio,2021-07-11 08:50:02
oi6wul,what now flat earth earthers,2021-07-11 08:50:34
oi6yhr,spce to da mooonğŸš€ğŸš€ğŸš€ğŸš€ğŸš€,2021-07-11 08:53:14
oi71pv,any retards buying spce tomorrow,2021-07-11 08:58:25
oi73wg,any retards buying spce tomorrow,2021-07-11 09:01:26
oi74gg,$spce lets go,2021-07-11 09:02:17
oi7562,snow,2021-07-11 09:03:23
oi75ek,let go to the moooooon singing $spce,2021-07-11 09:03:46
oi75u3,spce going to explode tomorrow thoughts,2021-07-11 09:04:26
oi76b8,plenty of supporting evidence,2021-07-11 09:05:07
oi775v,rcinedigm next big move,2021-07-11 09:06:26
oi77qc,negg is manipulated it was the th most discussed stock on reddit last week and generated negative sentiment and yet it still out performed other meme stocks smells like hedgies,2021-07-11 09:07:18
oi793v,virgin galactic ğŸ” ğŸ™ŒğŸ’ ğŸ“ˆğŸš€,2021-07-11 09:09:24
oi79a9,$clov support from wows â˜˜ï¸ğŸš€,2021-07-11 09:09:41
oi79fe,what is everyones take on figs scrub stock i invested a bit over and im up since it went public should i hold onto it,2021-07-11 09:09:52
oi79xi,$clov support from wows â˜˜ï¸ğŸš€,2021-07-11 09:10:39
oi7af2,amc box office and ufc tickets,2021-07-11 09:11:22
oi7ahz,do you think virgin galactic spce is gonna jump tomorrow,2021-07-11 09:11:28
oi7b0g,otc markets president amp ceo cromwell coulson iii explains the otc markets not just penny stocks anymore,2021-07-11 09:12:13
oi7bs2,what is everyones take on figs scrubs stock i bought the stock when it became public im up now since then,2021-07-11 09:13:23
oi7cag,me with $ and shares to my name,2021-07-11 09:14:10
oi7cfl,virgin galactic ğŸ” ğŸ™ŒğŸ’ ğŸ“ˆğŸš€,2021-07-11 09:14:23
oi7ciy,my spce story,2021-07-11 09:14:31
oi7e9g,$clov support from the wolf of wallstreet â˜˜ï¸ğŸš€,2021-07-11 09:17:14
oi7ees,ğŸ¦ğŸ’ªğŸ”¥ğŸ’¯ğŸ‘ŠğŸ¤‘ neversell hodl,2021-07-11 09:17:26
oi7f4l,$clov support from the wolf of wallstreet â˜˜ï¸ğŸš€,2021-07-11 09:18:30
oi7f51,what is everyones take on figs scrubs stock i bought into it when it first became public should i hold onto it,2021-07-11 09:18:31
oi7f9u,my view on spce,2021-07-11 09:18:42
oi7hd7,exela technologies xela,2021-07-11 09:21:51
oi7irl,branson virgin galactic crew pull off key test flight to space,2021-07-11 09:23:56
oi7jai,i was told to invest in what i believe in video games weed bikinis and movies ğŸ’ğŸ¤²ğŸ“‰ why because fuck the shorts ğŸ¦ğŸš€ğŸŒ,2021-07-11 09:24:45
oi7jb7,cramer telling folks get as many didi shares before ipo vs investors shoyld stay away from didi after ipo,2021-07-11 09:24:47
oi7lh7,tata motors,2021-07-11 09:28:16
oi7mi1,virgin galactic,2021-07-11 09:29:54
oi7p70,$aal $alk,2021-07-11 09:34:11
oi7rem,dont be stupid do not buy $spce,2021-07-11 09:37:37
oi7rzw,they told me it belongs here $ag gamma squeeze potential,2021-07-11 09:38:30
oi7txx,cramer telling folks get as many didi shares before ipo vs investors should stay away from didi after ipo,2021-07-11 09:41:26
oi7v4u,$nlst netlist your thoughts,2021-07-11 09:43:15
oi7v9g,trading addiction test,2021-07-11 09:43:27
oi7yxz,netlist $nlst,2021-07-11 09:48:55
oi7z2x,if youre bullish on crpt payments disrupting finance,2021-07-11 09:49:07
oi8055,shouldnt have sold so early my amc stocks damnit,2021-07-11 09:50:40
oi822m,historic moment for $spac first flight by virgin galactic with sir richard branson,2021-07-11 09:53:31
oi824j,$tpst we all in this together need everyone to buy and hold this tomorrow and next week squeeze incoming lets get those tendies together ğŸš€ğŸš€ğŸš€,2021-07-11 09:53:36
oi82p6,do your own dd on $nlst,2021-07-11 09:54:29
oi861q,keep an eye on $aei tomorrow thanks elon ğŸ¤™,2021-07-11 09:59:48
oi8677,amc squeeze question,2021-07-11 10:00:00
oi86kw,praise lord richie branson for that beautiful green line to the moon,2021-07-11 10:00:22
oi86n1,sir richard everyone,2021-07-11 10:00:27
oi87v3,gme,2021-07-11 10:02:10
oi89q8,aroooooo,2021-07-11 10:05:00
oi8cew,atnf back on the market annual report finally released,2021-07-11 10:08:57
oi8cjm,i just received a text from a friend suggesting to invest in spce virgin galactic holdings inc after todays successful launch ğŸš€ is it a good idea,2021-07-11 10:09:08
oi8dv2,,2021-07-11 10:11:11
oi8eaw,,2021-07-11 10:11:50
oi8ecx,have u guys checked this amazing hind hd gaming online its mind blowing,2021-07-11 10:11:55
oi8f3p,spce institutions ownership low,2021-07-11 10:13:02
oi8fxu,a gamma squeeze play with incredible potential,2021-07-11 10:14:21
oi8g9n,praise lord richie branson for that beautiful green line to the moon,2021-07-11 10:14:49
oi8guw,dream token to the moonğŸš€ğŸš€ğŸš€,2021-07-11 10:15:38
oi8i0l,alright which one of you live in tennessee,2021-07-11 10:17:19
oi8k6d,tslaready to take up,2021-07-11 10:20:27
oi8klw,$mile is moon ready and blackrock is in ğŸš€,2021-07-11 10:21:06
oi8m5b,$ yolo on spce,2021-07-11 10:23:30
oi8noa,black widow is a great movie,2021-07-11 10:25:52
oi8p1g,$k yolo on spce,2021-07-11 10:28:01
oi8qj1,loss porn,2021-07-11 10:30:16
oi8s7t,when you see the heavy loss porn on wsb regarding levis then start digging for reasons why,2021-07-11 10:32:57
oi8sud,clov the good news just keeps coming you know what to do,2021-07-11 10:33:57
oi8tt3,all aboard $coin a blowout quarter is coming ğŸš€ğŸš€ğŸš€ğŸš€,2021-07-11 10:35:23
oi8ucp,meme stocks are going to be going and favourite is one in the right corner ğŸ¤‘,2021-07-11 10:36:15
oi8vbq,just a silly ape wanting to go to spce ğŸš€,2021-07-11 10:37:39
oi8vn2,the meme stock trade is far from over favourite one in the right corner ğŸ¤‘,2021-07-11 10:38:08
oi8wla,all aboard coinbase $coin a blowout er approaches aug th ğŸš‚ğŸš‚ğŸš‚ğŸš‚ğŸš‚,2021-07-11 10:39:37
oi8wwo,to $pce,2021-07-11 10:40:07
oi8y6l,all aboard coinbase $coin for a blowout er ğŸš‚ğŸš€ğŸš‚ğŸš€ğŸš‚,2021-07-11 10:42:01
oi8ywa,clov many positive catalysts yet the price is falling,2021-07-11 10:43:03
oi8za6,omaze and sir richard branson to make history by sending two people to space aboard a virgin galactic flight,2021-07-11 10:43:35
oi8zr1,ğŸš€ğŸš€ğŸš€ğŸš€should have sold on thursday spce yolo ğŸš€ğŸš€ğŸš€,2021-07-11 10:44:15
oi90v3,solar integrated roofing corp,2021-07-11 10:45:56
oi910d,the growth has peaked for sampp us stocks,2021-07-11 10:46:08
oi91k6,saw this gme gem yesterday,2021-07-11 10:46:59
oi91tx,losing premium,2021-07-11 10:47:24
oi93b4,saw this gme gem yesterday,2021-07-11 10:49:36
oi93zk,is td ameritrade trying to screw me over,2021-07-11 10:50:33
oi94d0,literally people who didnt buy spce on friday,2021-07-11 10:51:08
oi958a,spotted in kingston ontario ğŸš€,2021-07-11 10:52:26
oi95e5,three separate people confessed and they were trying to build a case against me beforehand,2021-07-11 10:52:39
oi95px,a new way of policing,2021-07-11 10:53:09
oi95zc,ğŸ’ğŸ’ğŸ’ğŸ’ğŸ’ğŸ’ğŸ’ğŸ’ğŸ’ğŸ’ğŸ’ğŸ’ğŸ’ğŸ’ğŸ’spce ğŸ’amc ğŸ’gmeğŸ’ğŸ’ğŸ’ğŸ’ğŸ’ğŸ’ğŸ’ğŸ’ğŸ’ğŸ’ğŸ’ğŸ’ğŸ’ğŸ’ğŸ’ğŸ’,2021-07-11 10:53:34
oi980u,help finding good stocks to start,2021-07-11 10:56:43
oi9a4f,ğŸš€$reusablerocketcoin $rrr is going to change they way you look at tokens ğŸš€ presale starts tueday july am est ğŸš€ğŸš€,2021-07-11 10:59:50
oi9a5n,what high interest rates could mean for different industries,2021-07-11 10:59:54
oi9exa,getting past the poop to the rocket ship to the moon,2021-07-11 11:06:36
oi9f6v,slrx research and technical analysis,2021-07-11 11:07:01
oi9ffx,torrid holdings,2021-07-11 11:07:22
oi9iz7,tsoi biotech penny stock w new trial data,2021-07-11 11:12:42
oi9j1m,$dpls,2021-07-11 11:12:50
oi9jia,bbig merger this weekğŸ¤‘ğŸ¤‘ already up in post market,2021-07-11 11:13:32
oi9kxb,bernie trying to stick it to the hedgies,2021-07-11 11:15:38
oi9loj,bbig merger coming up this week ğŸ’°ğŸ’°ğŸ’° already up percent post market what do yall think what should be a price target for bbig can we be expecting x gains im sorry for asking so many questions im a retard,2021-07-11 11:16:50
oi9lvn,encouragement positivity and belief a brief reminder and inspirer,2021-07-11 11:17:08
oi9na0,bbig merger coming up this week ğŸ’°ğŸ’°ğŸ’° already up percent post market what do yall think what should be a price target for bbig can we be expecting x gains im sorry for asking so many questions im a retard,2021-07-11 11:19:20
oi9o44,if $spce hits $ tomorrow ill get a rocket tattoo,2021-07-11 11:20:33
oi9qvu,seen this morning on rhe fwy,2021-07-11 11:24:36
oi9rdo,question,2021-07-11 11:25:22
oi9sjx,virgin galactics richard branson reaches space in test flight part of furious space tourism race,2021-07-11 11:27:17
oi9tlo,will the amc squeeze happen this week strong possibility imo,2021-07-11 11:28:53
oi9tt4,best broker for eu citizen,2021-07-11 11:29:14
oi9v6y,anyone heard anything about enron lately,2021-07-11 11:31:14
oi9vsx,strike price for options is on we got this make the hedges bleed,2021-07-11 11:32:06
oi9ws2,money making tips,2021-07-11 11:33:38
oi9wwj,retard inclusive littlepeople childrens toy,2021-07-11 11:33:48
oi9wyt,spy free money,2021-07-11 11:33:55
oi9xpu,celsci,2021-07-11 11:35:06
oi9yne,spy calls,2021-07-11 11:36:27
oi9z0y,amc to the moon this week wet got over million worth of options for the strike price of on lets make this hedges bleed for what its worth and become financial free anybody with me,2021-07-11 11:36:59
oia185,posted in wsb elitethey didnt get it maybe you apes will,2021-07-11 11:40:13
oia1r0,will amzn split now that we have new ceo,2021-07-11 11:40:59
oia1u8,lets talk about spy,2021-07-11 11:41:07
oia1x1,historical post earnings moves mega compilation q week $jpm $gs $wfc $bac $ms $tsm and more,2021-07-11 11:41:14
oia2cj,bitfgncombitcoinexchangebitcoinprice,2021-07-11 11:41:52
oia2lm,duolingo upcoming ipo been waiting since i was hodl,2021-07-11 11:42:14
oia2rl,meme stocks are only worth shortingscalping not longevity,2021-07-11 11:42:29
oia4mm,how do i explain this to my dad,2021-07-11 11:45:13
oia4ps,pgtk,2021-07-11 11:45:22
oia525,cvm will take off this week perfect storm and hedgies have a lot to cover,2021-07-11 11:45:51
oia6fl,hoping for this spce rocket to moonshot tomorrow,2021-07-11 11:47:56
oia6l6,amzn split,2021-07-11 11:48:09
oia86s,bullish af fitting steam summer sale reward monke smrt,2021-07-11 11:50:37
oia9kw,pgtk,2021-07-11 11:52:39
oia9rd,$coin looks pretty cheap right now,2021-07-11 11:52:56
oiaa0h,yolo spce to the moon dont mind the puts,2021-07-11 11:53:17
oiag09,my sister is friends with a hedge fund manager at citadel in london,2021-07-11 12:02:03
oiagaf,bombardier buy this stock great progression they are currently reducing their debt and theyre selling private jets like never before to the moon,2021-07-11 12:02:30
oiagag,bombardier buy this stock great progression they are currently reducing their debt and theyre selling private jets like never before to the moon,2021-07-11 12:02:30
oiah8n,thoughts on spce,2021-07-11 12:04:01
oiajmh,was it worth the riskâ€¦ find out on the next episode of tendies for lambos,2021-07-11 12:08:01
oiakis,did anyone notice his shirt lastnight,2021-07-11 12:09:25
oial26,woke up to this if only it was green whyyy o why isnt it green,2021-07-11 12:10:14
oialb2,space like internet,2021-07-11 12:10:39
oialul,imo gsat is moa$$ because,2021-07-11 12:11:30
oiamp2,aht ğŸš€ğŸš€ğŸš€,2021-07-11 12:12:53
oian0i,riding into earning season like,2021-07-11 12:13:24
oian37,with the biden administration investing heavily in renewable energy infrastructure renewable energy companies stock prices have been soaring mainly i have been looking into solar first its q earnings report has seen over increase from last years q earningsi am going longğŸš€,2021-07-11 12:13:32
oiao71,big merger talks in sun valley for $viac,2021-07-11 12:15:18
oiaobe,to all apes holding amc right now how yall feeling about this week,2021-07-11 12:15:31
oiaors,worst scam ever dont fall for the pumps,2021-07-11 12:16:10
oiaova,$viac merger news,2021-07-11 12:16:17
oiap41,amc,2021-07-11 12:16:41
oiapfh,$tpst check this out,2021-07-11 12:17:14
oiaprc,sofi weakened by student loan freeze recent rumours didnt help revenues could inevitably suffer that explains the many shorts positions on sofi time to reconsider or to go all in and make them pay ğŸ¤” ğŸ‘‰ğŸ»ğŸ‘€,2021-07-11 12:17:43
oiaupx,me and the wife did a thing this weekend ğŸ¤ªğŸ’ğŸ™ŒğŸ¿ğŸ¦,2021-07-11 12:25:30
oiauqq,going long on solar first ğŸš€ğŸš€,2021-07-11 12:25:32
oiavam,anyone have any opinions on doximity $docs,2021-07-11 12:26:25
oiavlg,live feed from the flight spce to the moon,2021-07-11 12:26:55
oiawtg,going long on solar first ğŸš€ğŸš€,2021-07-11 12:28:56
oiaxk6,live feed from the flight spce to the fucken moon,2021-07-11 12:30:06
oiayqr,taco the next squeeze up up up,2021-07-11 12:31:56
oib0u9,anyone have any opinions on doximity $docs,2021-07-11 12:35:16
oib14h,i wonder if hes one of us,2021-07-11 12:35:45
oib1mp,micron technology,2021-07-11 12:36:32
oib1ty,taco the next squeeze nothing but good news high short interest i think it will blow up soonup up,2021-07-11 12:36:51
oib1vb,my buddy has been painting a comic series i thought this one fit here,2021-07-11 12:36:56
oib2k9,loading up on fhn tomorrow,2021-07-11 12:38:03
oib2mf,taco the next squeeze nothing but good news high short interest i think it will blow up soonup up meme,2021-07-11 12:38:09
oib2si,to those wondering why clov continues to fall source high short interestcom,2021-07-11 12:38:25
oib30o,you guys made it on the barrons,2021-07-11 12:38:48
oib4g7,spy,2021-07-11 12:41:01
oib5m7,alien invasion confirmed by sir richard branson hear the qampa founder of virgin galactic time to put on,2021-07-11 12:42:48
oib6l8,the state of the meme a ta of all your favorite amazing cant possibly fail investments gme amc bb bbby clov spce rkt woof,2021-07-11 12:44:23
oib73m,for those wondering why clov in being held down crazy short interest on most meme stocks source highshortinterestcom and marketwatchcom,2021-07-11 12:45:09
oib7et,$wish battleground stock week of,2021-07-11 12:45:38
oib7wi,big dubs the man elon got a ticket on virgin version of baldy boi bezos space plane,2021-07-11 12:46:25
oibb4k,alien invasion confirmed by sir richard branson hear the qampa founder of virgin galactic time to put on,2021-07-11 12:51:23
oibbr1,$wkhs and the upcoming drone revolution,2021-07-11 12:52:18
oibbwh,$hgen potential bagger in the making,2021-07-11 12:52:32
oibd7s,sunday nights are when the fun starts,2021-07-11 12:54:28
oibdlm,uniswap price movement relative to lp sizetotal on uniswap is there a correlation,2021-07-11 12:55:03
oibe3b,$spce short squeeze,2021-07-11 12:55:45
oibeoh,dar a play on biofuels and food inflation technically sweet,2021-07-11 12:56:40
oibetv,hmc,2021-07-11 12:56:53
oibg1b,solar first ğŸš€ğŸš€,2021-07-11 12:58:45
oibjum,okay but for real tho were all guilty of this ğŸ˜­ğŸ˜‚,2021-07-11 13:04:25
oibjzm,well fuck,2021-07-11 13:04:37
oibkky,whats going on with amc,2021-07-11 13:05:30
oibl2y,okay but for real there we are all guilty of this right here ğŸ¤£ğŸ¤£,2021-07-11 13:06:15
oibld0,uniswap price movement relative to lp sizetotal on exchange is there a correlation,2021-07-11 13:06:40
oibmtz,spce yolo tomorrow there will be a flight not to the moon but to another galaxyğŸš€ğŸš€ğŸš€ğŸš€ğŸš€ğŸš€,2021-07-11 13:08:51
oibmuz,saw one of you retards today,2021-07-11 13:08:54
oibmw9,chance $amc,2021-07-11 13:08:57
oibnzo,posts keep being deleted,2021-07-11 13:10:30
oibqeu,save the dates,2021-07-11 13:14:19
oibqpb,save the date,2021-07-11 13:14:44
oibr1m,â™»ï¸,2021-07-11 13:15:14
oibr41,micron technologyğŸš€ğŸš€ğŸš€ğŸš€ğŸš€ğŸš€,2021-07-11 13:15:20
oibsiu,wkhs yolo,2021-07-11 13:17:27
oibul9,selling naked call options truly one of us,2021-07-11 13:20:35
oibvpn,get into $tal and $edu while you still can,2021-07-11 13:22:24
oibw54,$wish battleground stock week of,2021-07-11 13:23:05
oibxx4,we have been here before ğŸ’ğŸ¤š,2021-07-11 13:25:48
oibxz8,negg bulls cramer is literally telling you its a pampd theyre bags dont be a sheep,2021-07-11 13:25:53
oiby9x,spce,2021-07-11 13:26:22
oibyzf,is it just me or does the quality of posts seem to be on the rise,2021-07-11 13:27:30
oibzp5,negg bulls cramer is literally telling you its a pampd theyre bags dont be a sheep,2021-07-11 13:28:41
oibzrk,wkhs yolo,2021-07-11 13:28:48
oic310,tsla yolo,2021-07-11 13:33:55
oic3px,options trading advice,2021-07-11 13:35:04
oic3u8,flash crashes for the common ape,2021-07-11 13:35:16
oic8ns,shen,2021-07-11 13:42:50
oic96r,spce and elon do i really need to say more,2021-07-11 13:43:40
oic9bn,get ready retards,2021-07-11 13:43:53
oic9p6,spce,2021-07-11 13:44:27
oicat3,attention our destination is now way pass the moon select your spaceship and buckle up,2021-07-11 13:46:06
oicbz7,shen,2021-07-11 13:47:58
oicc51,negg,2021-07-11 13:48:12
oiccau,clov is not just a short term squeeze stock its a long term dream stock,2021-07-11 13:48:28
oicdsp,where to learn to write a solid dd,2021-07-11 13:50:59
oice05,potential gainer sava went from to $ within a couple months with just trials gtpredictive oncologylt will be the future amazon of biotech a hidden gem ğŸ™ŒğŸ¼,2021-07-11 13:51:19
oicf2z,big hack,2021-07-11 13:52:58
oicg63,clov is a dream stock,2021-07-11 13:54:45
oichvs,ğŸ€ the dream stock,2021-07-11 13:57:37
oici1i,$wish potential options squeeze dd week of,2021-07-11 13:57:55
oici40,anyone think now is a good time to buy wish or will we see it get squeezed some more before a breakout i need bull and bear opinions maybe some yolo apes too,2021-07-11 13:58:02
oickps,did i do this math right my current average win rate is with an average win of and an average loss of and im averaging trades a day it seems to me that allocating $k to this leverage strategy would yield me sextillion dollars after a year at my current rate is this right,2021-07-11 14:01:58
oicksk,yolo sofi,2021-07-11 14:02:04
oicmc0,its coming to rome,2021-07-11 14:04:34
oico23,what $spce call hodlers will see in their dreams tonight,2021-07-11 14:07:17
oicpxv,what phone app is best for investing,2021-07-11 14:10:21
oics4k,amc to da moon ğŸŒ™,2021-07-11 14:13:56
oics91,$wish large call options data week of,2021-07-11 14:14:08
oicsiw,who else got into virgingalactic friday before sir richard took his historic flight today ğŸ¤‘ğŸ¤‘ğŸ¤‘,2021-07-11 14:14:34
oict14,$stmp $ investment,2021-07-11 14:15:20
oiculc,ğŸŒ•our token is almost doneğŸš€ğŸš€,2021-07-11 14:17:52
oicum1,nah nah babe were holding blue chips its a super safe portfolioâ€¦,2021-07-11 14:17:54
oicur2,never sell,2021-07-11 14:18:09
oicwvv,depressed need a win,2021-07-11 14:21:32
oicxww,hodl,2021-07-11 14:23:06
oid0kw,massive squeeze potential at tempest therapeutics tpst on monday,2021-07-11 14:27:26
oid11c,anyone else holding nio new trader here,2021-07-11 14:28:11
oid3qy,a cool museum exhibit i was at the pink palace in memphis tn,2021-07-11 14:32:39
oid5yl,wsb at the pink palace in memphis tn,2021-07-11 14:36:24
oid7fg,stock for monday,2021-07-11 14:38:53
oid7ox,beat cancer together $tpst,2021-07-11 14:39:20
oid7wi,wnw,2021-07-11 14:39:40
oid9wf,okay so these are my plays for monday pls go my way i will see you guys on the moon ğŸš€ğŸŒ™ i have no more money to spend bc i used all of it up k total yolo in spce,2021-07-11 14:43:08
oidbu0,new to investing guidance is requested,2021-07-11 14:46:29
oidcgs,karma moass,2021-07-11 14:47:34
oiddin,amd stock $ target from goldman sachs,2021-07-11 14:49:33
oiddkb,hey i need a friend wife left me stocks was the issueâ€¦ fat etcâ€¦,2021-07-11 14:49:38
oidesb,im new to trading and need help what should i put all my money into,2021-07-11 14:51:50
oidid5,downside up,2021-07-11 14:57:38
oidihz,karmaapesmoassğŸ’ªğŸ¦ğŸ¦ğŸ¦ğŸ™ŒğŸ’,2021-07-11 14:57:50
oidiqz,wkhs to the moon,2021-07-11 14:58:12
oidizp,im going to say this one time,2021-07-11 14:58:35
oidjta,thank goodness i held through on friday we mooning ğŸŒ™ğŸŒ™ğŸŒ™,2021-07-11 14:59:48
oidkt1,sien fake boobs to the moon,2021-07-11 15:01:04
oidodv,rocket labs ğŸš€ğŸ‘¨â€ğŸ”¬ vacq sends congratulations ğŸ¾ğŸ‰ to richard branson amp virgin galactic,2021-07-11 15:06:11
oidpuc,another autismobile waiting on clov to harvest tendies,2021-07-11 15:08:19
oidqyl,hey need a friend wife left meâ€¦ stocksbeing fat is reasonâ€¦,2021-07-11 15:09:55
oidrfo,$wish large of call options expiring week of,2021-07-11 15:10:38
oidsuy,they talkin shit bout apes cant save blackberry what we goin do apes,2021-07-11 15:12:45
oidu7c,short squuze,2021-07-11 15:14:50
oidup6,short squuze amc,2021-07-11 15:15:33
oidy68,i tried to make this short but mod said no,2021-07-11 15:20:38
oidzq1,autist zoomer ape predict massive move incoming for blackberry $bb,2021-07-11 15:22:53
oie2lz,market perspective recent trends and performance in charts,2021-07-11 15:27:07
oie35t,this belongs here,2021-07-11 15:27:55
oie3gn,i tried to make this short but mod said no,2021-07-11 15:28:21
oie625,the green $mile how metromile is about to blast off out of tech sector death row,2021-07-11 15:32:07
oiebv0,amc we must eliminate the fake shares that are mixed in with the real shares of amc,2021-07-11 15:40:45
oiecvy,catalina wine moass,2021-07-11 15:42:17
oiedjm,what happened to bb should i sell,2021-07-11 15:43:16
oiee7i,what happened to bb yall i bought at $ and now im at a loss should i sell it is it going to go back up,2021-07-11 15:44:18
oiefhx,been buying $amzn monthly since $,2021-07-11 15:46:20
oiehv2,spotted in the wild,2021-07-11 15:49:55
oieicw,help a brother out please,2021-07-11 15:50:39
oiekb9,fuck the mods delete,2021-07-11 15:53:39
oieo1x,bombardier boys we should start investing in bombardier they are doing really good recently and we should take attention to this stock up since months the stock his still at a cheap price to the moon,2021-07-11 15:59:19
oieo6g,how does warren buffett value a business,2021-07-11 15:59:30
oieqkp,is $spce finishing a handle and prebreakout in cupwithhandle pattern,2021-07-11 16:02:57
oieqwm,blackberry is firing up all engines circling the runway is it ready for take off i say yes,2021-07-11 16:03:27
oieqx7,xela to the moon,2021-07-11 16:03:29
oierpm,xela stock $ this week,2021-07-11 16:04:39
oierte,suicide methods after losing it all,2021-07-11 16:04:50
oietzz,so are we buying $dis tomorrow,2021-07-11 16:08:09
oieu17,to da moon,2021-07-11 16:08:12
oiev14,thanks so far retards lets keep it up obviously this will average down every year id imagine but thanks for the run so far fck a mutual fund ğŸ¤£,2021-07-11 16:09:44
oiev5b,to da mooooon,2021-07-11 16:09:55
oievgf,hey guys not posting this to try to promote a service but it is a good video to show how to find price entry and exit points this video does show the tt tools but im sharing it because jonathon does a great job showing how he finds entry and exit points,2021-07-11 16:10:22
oiew4t,i have a question for amc share owners click if you own or more shares,2021-07-11 16:11:23
oiewcu,it is in german news too,2021-07-11 16:11:42
oiex0p,the meme stock rally hurt melvin and maplelane it hasnt gotten easier since,2021-07-11 16:12:42
oiexfy,should upland tokenize a city in brazil,2021-07-11 16:13:20
oiey6e,xela stock,2021-07-11 16:14:29
oiez4k,xela stock canwill we hit $ this week,2021-07-11 16:15:56
oif059,sava likely hit by illegal means to take the stock down on its way to all time high they want july options to expire worthless diamond ape hands strong together ğŸ’ğŸ¦,2021-07-11 16:17:29
oif08z,xela stock it has been really hot volume is through the roof does anybody think we can hit $ this week shouldnt be hard to squeeze the shorts,2021-07-11 16:17:40
oif1zo,xela stock,2021-07-11 16:20:27
oif3e6,hodl or nah,2021-07-11 16:22:40
oif74f,hodl or nah,2021-07-11 16:28:43
oif7c2,from casually browsing this sub i invested in clov im not super into stocks like most people on the sub and am pretty much a casual investor with this being said you guys think this stock is ever going to make a come back of should i just pull out and run with my tail between my legs,2021-07-11 16:29:04
oif7ev,xela stock this week,2021-07-11 16:29:12
oif882,homebuilder stocks,2021-07-11 16:30:31
oif9i9,is michael burry cheering on the apes,2021-07-11 16:32:33
oifa7q,has anyone ordered from these guys,2021-07-11 16:33:43
oifabp,yolo suggestion,2021-07-11 16:33:55
oifg3m,im so grateful for my career im not bragging but just want to thank god i went from homeless to living paycheck to paycheck to saving enough money to purchase an excellent internet data plan that allowed me to download this picture,2021-07-11 16:43:18
oifg97,clov dd ğŸš€ ğŸ€,2021-07-11 16:43:33
oifghr,option trading ideas,2021-07-11 16:43:56
oifi8s,sava likely hit by illegal means to take the stock down on its way to all time high they want july options to expire worthless diamond ape hands strong together ğŸ’ğŸ¦,2021-07-11 16:46:52
oififp,k in spce calls across accounts ive got hope here,2021-07-11 16:47:11
oifitg,can a guy get some karma,2021-07-11 16:47:47
oifizc,family at this time my parents my friends my brothers suffer repression in my country the only way to support this cause is by sharing each video image that i send them on their social networks please i ask you please do it for me and for the angel of the death please now please,2021-07-11 16:48:05
oifj5l,family game night,2021-07-11 16:48:25
oifmrf,market events july,2021-07-11 16:54:33
oifnao,homebuilder stocks,2021-07-11 16:55:28
oifnfy,everyone in wsb smileeee,2021-07-11 16:55:41
oifo4b,the â€œsuper ez forex trading systemâ€ is simple enough that your kids can do it,2021-07-11 16:56:52
oifpm9,insider info on elons next project,2021-07-11 16:59:26
oifqkt,i cant comment,2021-07-11 17:00:45
oifr6h,should we as apes invest in this company,2021-07-11 17:01:40
oifr74,k in spce calls across accounts ive got high hopes for tomorrows open,2021-07-11 17:01:41
oift6z,should i invest in this company,2021-07-11 17:04:55
oifux8,chi on twitter,2021-07-11 17:07:53
oifw0c,is this a bad idea this would be my first options call,2021-07-11 17:09:40
oifwag,yten seems to have got the criteria for investing new technology proven lab results globally addressible market company now hired to file for regulatory approvals and aggressive investments to commercialize the product pretty cheap stock price,2021-07-11 17:10:08
oifwmt,spotted in local uwajimaya,2021-07-11 17:10:44
oifydy,hey i want to know how do we decide on which company to invest in,2021-07-11 17:13:40
oifzfl,$hmbl has large scaling growth ahead in multiple markets how to guide to invest in a growth stocks average cost investing invest of the total money you wish to invest in a stock â€”gt then average cost invest incremental amounts on a monthly basis if the price drops below your cost basis,2021-07-11 17:15:26
oig19h,spce calls,2021-07-11 17:18:35
oig1ou,where is chads money i need to know the weather dammit,2021-07-11 17:19:16
oig22j,ojooo app,2021-07-11 17:19:55
oig47t,bullish on fat kids,2021-07-11 17:23:38
oig4ul,i got banded from facebook for going after hedge fund comments and scammers we are getting close to a squeeze they are getting scared,2021-07-11 17:24:46
oig563,lets go,2021-07-11 17:25:21
oig789,attention our destination is now way pass the moon this is an updated list of all spaceships pick one and buckle up,2021-07-11 17:28:59
oig7ao,made over k on amzn calls and puts last week anyone else riding the amzn train again this week,2021-07-11 17:29:05
oig7lg,elon bought ticket for future flight on virgin galactic,2021-07-11 17:29:36
oig9kx,$shib volume up in hrs boosters primed ğŸ¤¤ ğŸš€ ğŸŒ,2021-07-11 17:32:59
oig9uw,$clned out,2021-07-11 17:33:29
oigb3f,expectations for tomorrow,2021-07-11 17:35:37
oigbfe,ğŸ‡ºğŸ‡¦ firefly aerospace ukraine awards contract to ğŸ‡ºğŸ‡¸ spacex the united states to launch blue ghost mission to moon in ğŸš€,2021-07-11 17:36:15
oigbo7,almost closed this call on friday monday should be interesting did i make the right decision $spce,2021-07-11 17:36:40
oigd55,stormgain the best trading platform you have ever met,2021-07-11 17:39:12
oigddc,$shib volume up in hrs moon landing scheduled for aug nd ğŸš€ ğŸŒ coinbase robinhood set to allow trading in next months ğŸ¤¤ coin rally can and will work if the community pushes hard enough set the ğŸ‘€ on the prize and lets get this thing sprinting big push eat the china regulations alive,2021-07-11 17:39:37
oigde5,didi meme lets show china who is the boss squeeze ccp $ stock,2021-07-11 17:39:39
oigeos,serious k car fund to grow over years how would you,2021-07-11 17:41:49
oigfxt,quad a unrecognized valueto the moon maybe beyond,2021-07-11 17:43:55
oigg5n,if this doesnt get you jacked to the tits i dont know what will,2021-07-11 17:44:18
oigg61,homebuilder stocks,2021-07-11 17:44:20
oiggn0,hzo i like the stock and boating,2021-07-11 17:45:06
oiggzr,homebuilder stocks,2021-07-11 17:45:43
oight2,can we send dog e to the moon ğŸš€ğŸŒ”,2021-07-11 17:47:05
oigj68,omg whats happening with nok tonight,2021-07-11 17:49:27
oigjun,to the moon,2021-07-11 17:50:36
oigkbf,yolo for real this my bros account and he bleeding,2021-07-11 17:51:23
oigkz3,best stock apps to use besides robinhood,2021-07-11 17:52:34
oiglqk,best stock apps to use besides robinhood saw the recent backlash on robinhood and i want to move dont know which apps provide an open and fair market for trading suggestions,2021-07-11 17:53:54
oigogu,mgti stock Â¡Â¡Â¡Â¡Â¡Â¡Â¡Â¡Â¡Â¡Â¡,2021-07-11 17:58:47
oigpc7,what are your moves tomorrow july,2021-07-11 18:00:12
oigq0l,my balls,2021-07-11 18:01:15
oigu9y,bank fds for fall,2021-07-11 18:08:19
oigue8,$spce i will be waiting for you to hit moon soon ğŸš€ğŸš€ğŸ§‘â€ğŸš€ğŸ§‘â€ğŸš€,2021-07-11 18:08:29
oigues,still a retard,2021-07-11 18:08:31
oigvc3,i dont care how much flack im going to get for saying what needs to be said,2021-07-11 18:10:05
oigxzy,ladies and gentlemen the footage we all been waiting for added some music i made since the video contained no audio enjoy and congratulations spce ğŸš€,2021-07-11 18:14:50
oigydi,$east to the moon,2021-07-11 18:15:25
oigyjd,ftds from,2021-07-11 18:15:41
oigyuc,i think with this news we may see $dis get a big pop tomorrow,2021-07-11 18:16:10
oigz1m,saw this on the fwy today,2021-07-11 18:16:27
oih1jy,amc yolo gains k position k selling premium,2021-07-11 18:20:35
oih1m4,ftds from sec,2021-07-11 18:20:41
oih2wc,yellow and blue macaw with one wing open perched on a wooden stick,2021-07-11 18:22:56
oih44a,depressed english apes while the world laughs on congrats italian silverbacks ğŸ‡®ğŸ‡¹ and gtla this week ğŸš€ ğŸ’ ğŸ¤² ğŸ¦,2021-07-11 18:25:01
oih67o,spce virgin galactic buy calls,2021-07-11 18:28:42
oih792,bullish reversal next week change my mindğŸ¤·â€â™‚ï¸ and the hedges dont know how fucked they actually are they spent months bring this down and thats all they gotğŸ¤£ buying more when i get paid on the i like legos,2021-07-11 18:30:31
oih7g0,what value does spce reach tomorrow ğŸ¤”,2021-07-11 18:30:51
oih8ia,$viac tendies,2021-07-11 18:32:40
oih90x,what value does spce reach tomorrow ğŸ¤”,2021-07-11 18:33:38
oihc1b,requesting an expert ape for dd on this tiny little stock $yten,2021-07-11 18:38:48
oihd58,amc and gme holders please read it,2021-07-11 18:40:46
oihd7s,some of the top trending stocks on reddit this weekend,2021-07-11 18:40:54
oihdge,ladies and gentlemen the hd footage of todays crewed spaceflight added some music i made since the video contained no audio congratulations spce ğŸš€,2021-07-11 18:41:18
oihgxg,ftds,2021-07-11 18:47:27
oihjrl,good thing im a peasant and have a day job,2021-07-11 18:52:16
oihkeb,power profit tradesyoure making more and more headlines,2021-07-11 18:53:23
oihl1r,this is a dream,2021-07-11 18:54:32
oihlm5,great job kids love getting these your disruption is effective take no ones advice but your own,2021-07-11 18:55:31
oihm3w,at least i got my lambo sure its a kit car but its still a lambo imho,2021-07-11 18:56:22
oihmnt,you are changing the game keep it up and take no ones advice but your own,2021-07-11 18:57:21
oihmva,carvana insider selling is unbelievable how can the quantity and continuity of the selling not raise red flags what is all the proceeds used for is the proceeds put back into the company,2021-07-11 18:57:42
oihmvc,government regulations are in this feed much wow,2021-07-11 18:57:42
oihnpu,stock cei any good,2021-07-11 18:59:16
oihq4u,$spce this is going to be crazy some of the call options are sold or removed from the market wow up to $ all empty,2021-07-11 19:03:21
oihqn4,stock cei is it doing good will it do good help me please,2021-07-11 19:04:16
oiht51,if this doesnt make you jacked to the tits i dont know what will ğŸš€ğŸš€ğŸš€,2021-07-11 19:08:31
oihtyh,gonna enter the stock scene bs,2021-07-11 19:09:58
oihu9q,confirmation bias for this week,2021-07-11 19:10:34
oihup6,this chart spells trouble for sampp broad based us stock market,2021-07-11 19:11:22
oihwn9,sgoc on fire,2021-07-11 19:14:49
oihzt2,me preparing for another week of investing,2021-07-11 19:20:19
oii00n,this chart spells trouble for sampp with correlation,2021-07-11 19:20:40
oii00z,my mom sent me this from her local paper thanks for the reminder to buy more mom,2021-07-11 19:20:41
oii0kc,viac tendies,2021-07-11 19:21:39
oii0l1,why gme has found its bottom and could begin the next meme rally technical analysis,2021-07-11 19:21:42
oii1s2,hd footage of todays crewed spaceflight cheers to all fellow spce apes ğŸš€,2021-07-11 19:23:49
oii1z4,starting a gofundme to cover startup costs for my small family business,2021-07-11 19:24:11
oii26z,ğŸ–,2021-07-11 19:24:36
oii2vb,i got k shares of spce dollar average lets do it guys,2021-07-11 19:25:56
oii40a,today i sold my soul to amc to buy more,2021-07-11 19:27:59
oii4t2,newest hd footage of todays crewed spaceflight cheers to all fellow spce apes ğŸš€,2021-07-11 19:29:21
oii60i,am i a tard,2021-07-11 19:31:29
oii6ja,whats the perditions for black rock short term,2021-07-11 19:32:25
oii6tc,all in for the amc another week apes lets show unity,2021-07-11 19:32:56
oiie39,dr shabir ally sampp will rise another between july and dec,2021-07-11 19:46:09
oiietv,rate my millennial portfolio ğŸ¤©,2021-07-11 19:47:25
oiighg,best webinar to make money online,2021-07-11 19:50:12
oiih6y,rate my millennial portfolio,2021-07-11 19:51:28
oiihmn,why gme has found its bottom and could begin the next meme rally technical analysis,2021-07-11 19:52:14
oiik0w,is this what solid dd looks like,2021-07-11 19:56:27
oiioiq,short interest different on multiple sites am i stupid,2021-07-11 20:04:14
oiis88,i like the coinğŸ˜,2021-07-11 20:10:46
oiit1q,let me further clear up the air on gme and amc,2021-07-11 20:12:08
oiiwyi,a sign for the week to come spotted from my front door,2021-07-11 20:19:01
oiixdw,$clov dd fundamental technicals catalysts amp growth short squeeze potential gamma squeeze potential,2021-07-11 20:19:46
oiiz4g,$agri thoughts on agriforce growing systems future of agriculture need this after we colonized mars recent ipo,2021-07-11 20:22:48
oij17h,positive rsi divergence closing above could cause the stock breakout and jump to around,2021-07-11 20:26:31
oij1rh,upcoming coin to rival bitchcoin,2021-07-11 20:27:29
oij2xc,apes strong amc ğŸš€ğŸ¯ğŸŒ•,2021-07-11 20:29:30
oij3gx,$psfe positive rsi divergence closing above could cause the stock breakout and jump to around technical analysis preearning run,2021-07-11 20:30:28
oij49u,new to all this and just looking to get started in buying and selling stock is cash app a decent platform again completely new and im ignorant on this,2021-07-11 20:31:56
oij5zj,hey new to this and just wondering if cash app is a decent platform for buying and selling stock,2021-07-11 20:34:53
oij8h8,new to buying and selling stock and just wandering if cashapp was a good platform to start on and what are good places to start investing,2021-07-11 20:39:24
oij9wo,new to buying and selling stock i was just wondering if cash app was a good platform to use or start with also what are some good places to start buying stock,2021-07-11 20:42:02
oijaq6,those of you that started investing this yearâ€¦,2021-07-11 20:43:30
oijctl,my moral compass would i be labeled a paper handed b for selling some position on amc for some spce tomorrow,2021-07-11 20:47:13
oijibq,orcl ğŸš€ğŸš€ğŸš€,2021-07-11 20:56:46
oijiro,spy outlook delta hedging and significant strikes for the week ending july,2021-07-11 20:57:33
oijjq7,$viacto infinity and beyond,2021-07-11 20:59:12
oijloo,join year old ava roses nude discord,2021-07-11 21:02:13
oijlva,a bit of visual poetry to lighten to set the tone for monday,2021-07-11 21:02:33
oijlz7,$baba bitches,2021-07-11 21:02:44
oijmbk,a bit of visual poetry to set the tone for monday,2021-07-11 21:03:20
oijqr7,microcaps aka top penny stocks to know,2021-07-11 21:11:21
oijs05,amc is going to be volatile tomorrow,2021-07-11 21:13:39
oijug1,btcusd seems like it is preparing for a good move,2021-07-11 21:18:05
oijv6u,where are blackberry ivy demo applications,2021-07-11 21:19:30
oijy7i,mvis,2021-07-11 21:25:12
oijyxv,thoughts on amc for this week,2021-07-11 21:26:40
oik04k,virgin galactic successfully completes first fully crewed spaceflight,2021-07-11 21:28:49
oik1q4,amazon site is down $wish steps in,2021-07-11 21:31:48
oik2ba,historic moment for $amc tomorrow go all in and push these hedgies to the brink apestrong,2021-07-11 21:32:55
oik31q,plug power plays,2021-07-11 21:34:23
oik3i2,amazon site down $wish to gain momentum thousands of users affected,2021-07-11 21:35:15
oik3jo,$ spce calls im predicting realistically $ish but i would love to see it rocket past $,2021-07-11 21:35:19
oik3mw,run from dinos im new here but i am located in colombia medellin hopefully i will create a community that helps me to slay a bank here named bancolombia are you in,2021-07-11 21:35:29
oik4nj,cnbc sampp could hit end of year analyst,2021-07-11 21:37:26
oik512,amazon site down thousands of users affected $wishâ€,2021-07-11 21:38:10
oik5u2,analyst sees meltup with sampp hitting upside from current levels,2021-07-11 21:39:41
oik91c,justin bieber lady gaga tom hanks elon musk reported to have tickets,2021-07-11 21:46:10
oikbh2,analyst raises end of year targets for sampp gamestop amp amc,2021-07-11 21:50:50
oikfb9,tomorrows spce price elon musk wsb and more,2021-07-11 21:58:39
oikgxf,add more wish last week $ coming soon lfg ğŸš€ğŸš€ğŸš€ğŸš€ğŸš€ğŸš€ğŸ”¥ğŸ”¥ğŸ”¥ğŸ”¥ğŸ”¥ğŸ”¥,2021-07-11 22:01:33
oikjh0,they are fucked buy amc and gme,2021-07-11 22:06:33
oikjmn,jeffrey bezos remix credit to uwololo for inspiration,2021-07-11 22:06:52
oikkni,please comment on thread,2021-07-11 22:08:50
oikl98,gotta love me some $amc,2021-07-11 22:10:00
oikla1,moon to the moon ğŸ‘€ğŸŒš,2021-07-11 22:10:03
oikm8x,whats everybodys thoughts on $amc this week amc go brrrr,2021-07-11 22:11:56
oikm9u,webapp to track daily short interest of stocks,2021-07-11 22:11:57
oiko5o,reality imitating art $spce,2021-07-11 22:15:39
oiko6w,when a quant joins wsb,2021-07-11 22:15:43
oikp36,dont give up they can change,2021-07-11 22:17:27
oikpcn,zsan what are your thoughts on this company,2021-07-11 22:17:57
oikt2r,webapp to track daily short volume,2021-07-11 22:25:37
oikw6r,saw this on a japanese grocery store and i couldnt stop laughing now tell me which one of you retards did this ğŸ˜‚,2021-07-11 22:31:40
oikx7z,sold my first option,2021-07-11 22:33:39
oikypb,im holding till it gets to the moooonn ill save my berries,2021-07-11 22:36:39
oikywt,a german fast finance group lets talk,2021-07-11 22:37:04
oil0w2,clf clevelandcliff clf clf clf,2021-07-11 22:41:02
oil56z,spce on st petersbug exchange were gonna break above $ today,2021-07-11 22:49:46
oil669,$clov when the price was high everyone was clapping and urging to buy but at the bottom there is no one to advise you now you can say yolo,2021-07-11 22:51:49
oil6wh,spce on st petersbug stock exchange were gonna break above $ today,2021-07-11 22:53:26
oil7by,spce on st petersbug stock exchange were gonna break above $ today,2021-07-11 22:54:21
oil7fg,how long it receipts to grow monetized on youtube the appraisal procedure google adsense,2021-07-11 22:54:32
oil7xy,spce on st petersburg stock exchange were gonna break above $ today,2021-07-11 22:55:41
oil8jj,made it official with my new psn name,2021-07-11 22:57:01
oil8uj,spce on st petersburg stock exchange were gonna break above $ today,2021-07-11 22:57:42
oilcml,best buy will be please buywhat do you think,2021-07-11 23:05:41
oilfov,monday is for big bulls,2021-07-11 23:12:28
oilibp,ask,2021-07-11 23:18:18
oilj1t,how about nakd,2021-07-11 23:19:49
oiljua,should i buy nakd,2021-07-11 23:21:31
oilndw,wanna dance,2021-07-11 23:29:27
oilnkv,hear me out,2021-07-11 23:29:50
oilsbk,$spce million from customers,2021-07-11 23:40:17
oilvzq,most useful technical signal,2021-07-11 23:48:18
oim0ff,i am not fking selling i hodl crash from to $ i hodl to it when it hit $ last month i will hodl for the life time infact i am buying if it dips below shares for every $ dropğŸ˜ğŸ˜,2021-07-11 23:57:54
oim23m,hive rocket,2021-07-12 00:01:08
oim2nl,,2021-07-12 00:02:16
oim57s,hive goes high,2021-07-12 00:07:34
oim5fr,i need help retards please fr,2021-07-12 00:08:03
oim68o,i need help retards please fr,2021-07-12 00:09:52
oim7s6,am i doing this right,2021-07-12 00:13:13
oim8ia,sign me up,2021-07-12 00:14:48
oim8mu,any bowlers out there,2021-07-12 00:15:03
oima1c,new shorted growing stock,2021-07-12 00:18:14
oimfyh,im a trying to hit gme with buckaroos what you guys think its my best call option,2021-07-12 00:31:59
oimgxi,i got $ and im trying to do a yolo move with a call option what you guys think its the best way to go,2021-07-12 00:34:12
oimjrs,psth icln amp pltr really made my savings bleed slowly especially psth worst investment of life time,2021-07-12 00:40:41
oimpu2,hey guys there is a little french company called neovacs,2021-07-12 00:55:05
oimr5u,virgin galactic ğŸš€ğŸš€ğŸš€,2021-07-12 00:58:03
oimrw4,im watching $hut next week,2021-07-12 00:59:45
oimvon,sampp index may reach points energy stocks are expected to soar,2021-07-12 01:08:01
oimvyv,$ocgn picture of the moon from kauaihi thats all see everybody tomorrow ğŸ˜ğŸ¦ğŸ’°,2021-07-12 01:08:45
oimw5y,irbt undervaluation,2021-07-12 01:09:12
oimxwn,do you have any peter thiel roth ira hail mary throws,2021-07-12 01:13:02
oimy7r,is anyone else tracking avpts ungodly low share price,2021-07-12 01:13:47
oin0bh,,2021-07-12 01:18:32
oin1z5,newborn town takeaways from boci internet going global corporate day,2021-07-12 01:22:25
oin32e,$nmtr upside,2021-07-12 01:24:56
oin57q,space stocks are the new november ev boom take me to the moon $astr ğŸš€ğŸš€ğŸš€,2021-07-12 01:30:00
oin5c0,anybody elses ameritrade app acting funky right now,2021-07-12 01:30:15
oin73t,lets squeeze the short together and fly to space musk and branson on a mission space is finally attractive again,2021-07-12 01:34:15
oin9iv,$spce congratulations folks for holding were almost up with the volume of million expect it to $ with support of all apes here â¤ï¸,2021-07-12 01:39:52
oinbnf,sampp index may reach points energy stocks are expected to soar,2021-07-12 01:44:56
oinhqv,cientos de cubanos protestan al grito de â€œabajo la dictaduraâ€ en varias ciudades de cuba,2021-07-12 01:59:49
oini3d,fraternal association of gambling gentlemen and yacht degenerates for july,2021-07-12 02:00:19
oinlsi,any news about sofi,2021-07-12 02:08:59
oinmit,i got a request for a video on how to make a scanner that will alert you every time xyz happens in toshope this helps some of you,2021-07-12 02:10:46
oinogn,sofi im not fcking selling,2021-07-12 02:15:30
oinoh0,i got a request for a video on how to make a ta scanner that will alert you every time xyz happens in toshope this helps some of you,2021-07-12 02:15:31
oinq06,novn,2021-07-12 02:19:33
oinsz6,double down on btcm,2021-07-12 02:26:46
oinv7k,options,2021-07-12 02:32:09
oinw3k,options,2021-07-12 02:34:11
oinwsf,reasons why you should buy tme now,2021-07-12 02:35:44
oinyvr,everyone needs an $uncle lfg family dontbuyunclecom,2021-07-12 02:40:43
oinzcj,how the us market operates,2021-07-12 02:41:46
oio61q,unleash the bulls,2021-07-12 02:58:07
oio72l,daily discussion thread for july,2021-07-12 03:00:13
oio7i0,daily popular tickers thread for july spce amc gme,2021-07-12 03:00:57
oio7w1,hold or sell spce,2021-07-12 03:01:45
oio7yq,the fucken power i hold unseen,2021-07-12 03:01:55
oio8tg,stock market crash in,2021-07-12 03:03:45
oio9fk,what if i told you there was a profitable cash flow positive company involved in evs autonomous driving and lithium batteries and that this company was trading at a pe of would that be something you might be interested in,2021-07-12 03:05:09
oiock6,big reasons why i am all in gme,2021-07-12 03:12:11
oiodod,the overnight rrp hit usd billion yolo,2021-07-12 03:14:39
oiof2f,anyone still holding this shit,2021-07-12 03:17:39
oioft3,stock broker office setup need help for tradingturrets,2021-07-12 03:19:12
oiogov,spce tapped out,2021-07-12 03:21:06
oiohhm,big reasons why i am all in gme,2021-07-12 03:22:48
oiojmz,spce up premarket so far,2021-07-12 03:27:33
oiojrt,amcs foot traffic jumped as summer movie season kicked off bad news for shorts,2021-07-12 03:27:49
oioknd,big reasons why i am all in gme,2021-07-12 03:29:52
oiomhx,when you know theyre desperate,2021-07-12 03:33:57
oion09,so obviously the next hot thing is spce virgin galatic will this lawsuit make spce stock plummet to the ground or its wont do shit im about to drop k in spce,2021-07-12 03:34:59
oiooiq,i checked marketbeat airi insiders and institutions continously buy airi shares,2021-07-12 03:38:15
oioqy4,did i do it right ğŸš€ğŸ‰,2021-07-12 03:43:48
oiose0,im fucking all in on vxrt shits underpriced as fuck see yall on the otherside ğŸ’ğŸ’ğŸ’,2021-07-12 03:47:04
oioum7,branson completes virgin galactic flight aiming to open up space tourism,2021-07-12 03:51:51
oiouot,sgoco stockchinese companyup in a day is this the easiest short in our life or what need help,2021-07-12 03:52:01
oiovek,most anticipated earnings releases for the next weeks only showing confirmed release dates,2021-07-12 03:53:40
oioyd6,whats the best play assuming catastrophic climate shift,2021-07-12 04:00:03
oip1h5,anyone notice i hope its a good sign,2021-07-12 04:05:58
oip2f2,big reasons why i am all in gamestop,2021-07-12 04:07:54
oip567,newbie heredumb question where is the best place to buy stock ğŸ¤·ğŸ¼â€â™€ï¸,2021-07-12 04:13:42
oip6j5,st infamous d event,2021-07-12 04:16:32
oip6y6,just a reminder the deadline of the shen special dividend of $ per share is tonight,2021-07-12 04:17:21
oip8oa,feeling good about this week i think amc is gonna be green,2021-07-12 04:20:42
oip94j,wanna know how bb is going to rise to the top,2021-07-12 04:21:40
oip9lv,tempest therapeutics it aint much but its honest work,2021-07-12 04:22:34
oipb6n,i am getting a rocket tattoo this week if all goes well with $spce $ by eod and its on my body will be posting the picture by eow or ban,2021-07-12 04:25:48
oipbep,not the veneers,2021-07-12 04:26:16
oipbr7,nate anderson declares war on wsb wbb readers and users here now lets rally up clov and buy and hold for tendies lets shiw that his little insult wont hurt us wsb is stronger than ever,2021-07-12 04:27:00
oipcai,which mod is the shill that doesnt like the movie theaters,2021-07-12 04:28:03
oipco2,a friendly reminder you didnt come this far to only come this far hodl amc,2021-07-12 04:28:47
oipcpg,astr the company has a focus on broadband connectivity gps services weather among other verticals,2021-07-12 04:28:51
oipd7g,spce to the moon ğŸš€,2021-07-12 04:29:49
oipdze,sub is a dead cat,2021-07-12 04:31:18
oipf1s,elon musk will fly to space with virgin galactic,2021-07-12 04:33:28
oipfe4,incoming,2021-07-12 04:34:12
oipfmz,is wallstreetbetscom dex legit,2021-07-12 04:34:42
oipg31,nate anderson declares war on wsb wsb readers and users here now lets rally up clov and buy and hold for tendies lets show that his little insult wont hurt us wsb is stronger than ever get behind clov not to bankrupt the hedgies but to force the squeeze,2021-07-12 04:35:33
oipg51,down like $ on spce ill update you after today,2021-07-12 04:35:40
oipgu5,amc hold,2021-07-12 04:37:02
oipgyu,is wallstreetbetscom dex legit,2021-07-12 04:37:20
oiphpn,ai based etf bets big on amc,2021-07-12 04:38:44
oipio2,artificial intelligence is on the side of apes teslafames aibased etf sells facebook walmart and buys amc,2021-07-12 04:40:27
oipj9c,forecasted earnings for the most popular wsb tickers $gme $amc $bb $psfe $sofi $spce $tsla $amd $nvda $clf,2021-07-12 04:41:38
oipjcr,aitx q this week i know this stock is for more fundamental stocks but mvis was a penny stock last year and look what it did aitx is the future,2021-07-12 04:41:50
oipksa,amc opening on a down note,2021-07-12 04:44:39
oiplau,mtsl,2021-07-12 04:45:42
oiplcp,aitx is beginning to show strong fundamentals and may be a similar mvis breakout candidate,2021-07-12 04:45:48
oiplgf,spce ad i got,2021-07-12 04:46:01
oipnet,today medigene ag is breaking out the company is valued at around million despide several clinical trials and a collaboration with bluebird bio inc,2021-07-12 04:49:52
oipoo5,$spce,2021-07-12 04:52:18
oipq0n,lac on the move,2021-07-12 04:54:49
oipr5e,$spce lol,2021-07-12 04:57:00
oipu76,$space cathie wood on twitter,2021-07-12 05:02:11
oipv3d,musk metals up to the moon ğŸ§¨ğŸš€ğŸš€,2021-07-12 05:03:47
oipv4a,this is why i dont trust analysts anymore they cant be serious ğŸ¤·â€â™‚ï¸ğŸ¦ğŸ¦§ğŸŒğŸŒğŸ’ğŸ’,2021-07-12 05:03:49
oipwra,cathie wood on twitter,2021-07-12 05:06:44
oipx0n,$sgoc $xela to the moon ğŸš€ğŸš€ğŸš€,2021-07-12 05:07:14
oipxgr,cathie wood on twitter,2021-07-12 05:08:00
oipycc,should i hold sofi shares,2021-07-12 05:09:33
oipzaq,simpsons lol,2021-07-12 05:11:11
oiq0vt,help me pay the house off boysgirls,2021-07-12 05:13:59
oiq130,ğŸ¤£,2021-07-12 05:14:25
oiq34d,wallstreetbets discord is a joke,2021-07-12 05:17:52
oiq4ix,spce,2021-07-12 05:20:21
oiq7zd,elon musk on twitter,2021-07-12 05:26:24
oiq8f3,congratulations beautiful flight at the opening,2021-07-12 05:27:08
oiq9jm,elon musk on twitter,2021-07-12 05:29:11
oiqay7,it looks like short sellers are targeting enzc any thoughts on holding stock,2021-07-12 05:31:34
oiqb08,undervalued af in an overvalued market morgan stanley $ms will explode soon,2021-07-12 05:31:40
oiqdyt,zillow group inc ticker zg and z brief breakdown,2021-07-12 05:36:49
oiqe0i,buy bitcoim,2021-07-12 05:36:55
oiqfvd,amd,2021-07-12 05:40:09
oiqgm6,wkhs news,2021-07-12 05:41:31
oiqiol,my faith in bb is diminishing,2021-07-12 05:45:01
oiqirm,need halp i wish i understood wish,2021-07-12 05:45:09
oiqkip,my faith in $bb is diminishing,2021-07-12 05:48:08
oiqlpt,my faith in $bb is diminishing,2021-07-12 05:50:16
oiqodq,recaf,2021-07-12 05:55:02
oiqok3,first time buyer,2021-07-12 05:55:20
oiqq6m,drone delivery company takof,2021-07-12 05:58:17
oiqqrf,recaf,2021-07-12 05:59:15
oiqqt3,my faith in $bb is diminishing,2021-07-12 05:59:20
oiqsuf,artificial intelligence is on the side of apes teslafames aibased etf sells facebook walmart and buys amc,2021-07-12 06:02:08
oiquz6,first time buyer fresh into the world of stocks i have $ to invest what should i start with thinking about disney or apple but i know those are the newbie go toos what would you suggest,2021-07-12 06:05:35
oiqvau,didi meme crush ccp ultimate short squeze,2021-07-12 06:06:08
oiqvzx,hodl,2021-07-12 06:07:18
oiqws4,virgin galactic in the top ğŸš€,2021-07-12 06:08:38
oiqx6q,we will live forever,2021-07-12 06:09:18
oiqxhy,puts on lmnd,2021-07-12 06:09:49
oiqxjm,$ttcf goes into nations largest grocer with skus,2021-07-12 06:09:53
oiqxq7,$goed stock waking up again premarkt up,2021-07-12 06:10:11
oiqyeb,i need to day trade today in profits,2021-07-12 06:11:19
oiqyec,inspired by my favorite artist hedgies r fuk let me know what you guys think,2021-07-12 06:11:20
oiqyp0,the next spotify,2021-07-12 06:11:50
oiqzjs,puts on lmnd,2021-07-12 06:13:15
oiqzl0,ğŸ’ªğŸ¾ğŸ¶ missed every other d o g e well dont miss this one introducing sumo d o g e the strongest pup on bsc ğŸ’ªğŸ¾ğŸ¶ğŸ’°rewards to holdersğŸ’°ğŸš«ğŸ³antiwhale featuresğŸš«ğŸ³ âœ… safu âœ…,2021-07-12 06:13:18
oir0ix,sec,2021-07-12 06:14:51
oir4bj,ğŸ’ğŸ¤²ğŸ¼ğŸ¦,2021-07-12 06:21:01
oir52v,coin is oversold on fee compression and is getting no credit for their cloud service,2021-07-12 06:22:12
oir5ig,goldman sucks forecasts predictions are based on trustworthy analysis tools,2021-07-12 06:22:51
oir607,airi institutional buying almost $m for q,2021-07-12 06:23:43
oir6bp,clov looks like it might take move up again,2021-07-12 06:24:15
oir7gp,when calls start printing jeffrey jeffrey bezos ğŸµ,2021-07-12 06:26:08
oir7ss,ğŸ’ğŸ¤²ğŸ¼,2021-07-12 06:26:41
oir7t1,i leave it with that,2021-07-12 06:26:42
oir8hu,k i saved up this year all on $wish wish me luck ğŸ˜…,2021-07-12 06:27:52
oir91m,$$verb$$,2021-07-12 06:28:46
oira5p,$carv short interest,2021-07-12 06:30:33
oiravn,amc theatresÂ® sets another postreopening weekend attendance,2021-07-12 06:31:42
oirbr7,meet tattooed chef the growth stock youve never heard of update,2021-07-12 06:33:07
oird1e,sgoco,2021-07-12 06:35:07
oire7r,rip $spce robinhood on their shit again,2021-07-12 06:36:54
oirezh,spce halted,2021-07-12 06:38:06
oirf11,looks like robinhood is at it againğŸ¤¦â€â™‚ï¸,2021-07-12 06:38:11
oirf5d,they started with this bs why are they halting spce im just trying to make it to the moon also with this stock,2021-07-12 06:38:22
oirff4,$wish former google executive to drive enhancement of wishs core product suite and the creation of new technology solutions,2021-07-12 06:38:48
oirfz8,$spce trading has been halted,2021-07-12 06:39:39
oirg16,$$clne$$ğŸš€ğŸš€ğŸš€,2021-07-12 06:39:44
oirg59,carol roth absolutely crushes it in this pro ape ğŸ¦ opinion piece ğŸ˜²ğŸ˜ğŸ”¥â˜„ï¸âš¡ï¸,2021-07-12 06:39:54
oirgf0,can anyone explain wtf is going on with $sgoc,2021-07-12 06:40:22
oirggs,i didnt get to take screenshots before selling but my $spce calls from last week just shit the bedâ€¦ i lost $k from this but i should live through this this is for the people who did want to know what happened should i buy again lmao,2021-07-12 06:40:26
oirgye,casual survey travelling post covid all welcome,2021-07-12 06:41:15
oirhgp,cybl lets go,2021-07-12 06:41:57
oirhk3,why,2021-07-12 06:42:05
oirht8,why is spce down why the succes might be priced in but then at least stay flat anyone disappointed they didt reach the moon so many questions this morning,2021-07-12 06:42:28
oiri2w,$wish appoints farhang kassaei as chief technology officer,2021-07-12 06:42:51
oiritz,$levi is a longterm hold stock initially popped after earnings but ended the day down or close to it and has been flat every analyst i see has raised their price target after the huge top and bottom line beats the market last week was shitthis week well see some big gains,2021-07-12 06:44:04
oiriug,$ million mega yacht sighting of former sec chair,2021-07-12 06:44:04
oirixx,does anyone know what the fuck is going on with spce,2021-07-12 06:44:14
oirj4y,spxe,2021-07-12 06:44:32
oirjr2,russell mooning small businesses are back baybee,2021-07-12 06:45:25
oirjsi,$wish is heading up this morning,2021-07-12 06:45:29
oirjwj,xela expands its offering in aienabled automation in the bpa space with idp combined with its robotic process automation,2021-07-12 06:45:40
oirjx3,i hated it,2021-07-12 06:45:41
oirk4e,why is spce tanking,2021-07-12 06:46:00
oirkca,$spce took a shit on open rip me,2021-07-12 06:46:20
oirkfu,spce,2021-07-12 06:46:29
oirkfy,$wish is on the uptrack,2021-07-12 06:46:29
oirko8,does anyone know what the fuck is going on with spce,2021-07-12 06:46:49
oirl0w,spce,2021-07-12 06:47:22
oirl21,great article my fellow apeshodl hodl to the death,2021-07-12 06:47:25
oirl4i,amc squeeze happening now on sgoc stock,2021-07-12 06:47:31
oirl76,johnson amp johnsonğŸ’°ğŸ’°ğŸ’°,2021-07-12 06:47:38
oirlgi,what the fuckkk is with that depth graph hahahhaa ğŸ˜†ğŸ˜…ğŸ¤£,2021-07-12 06:48:03
oirlws,rkt,2021-07-12 06:48:45
oirlz4,sosclovâ˜˜,2021-07-12 06:48:50
oirlza,$spce into the friggen ground,2021-07-12 06:48:50
oirnai,sosclov â˜˜,2021-07-12 06:50:50
oirnf0,sell spac buy gme ğŸ¤£,2021-07-12 06:51:01
oirnu4,did i do this right,2021-07-12 06:51:37
oiro6q,the the hell is happening to $spce,2021-07-12 06:52:12
oirogg,spce dropped $ what,2021-07-12 06:52:34
oiroit,sosclov,2021-07-12 06:52:40
oirokc,$crtd,2021-07-12 06:52:43
oiromt,$spce why are we falling,2021-07-12 06:52:49
oirp9f,thoughts on $clov,2021-07-12 06:53:46
oirpiu,pdll can this british stock go x x diamonds,2021-07-12 06:54:10
oirpxj,$$clne$$ mağŸš€ğŸš€ğŸš€,2021-07-12 06:54:49
oirq54,$spce s mixed shelf went effective today was filed on,2021-07-12 06:55:07
oirqvp,wish appoints former google ebay exec farhang kassaei to newlycreated cto position,2021-07-12 06:56:14
oirr1l,tsla either gonna get rejected or jump here,2021-07-12 06:56:29
oirrak,$$clne$$ mağŸš€ğŸš€ğŸš€ğŸš€,2021-07-12 06:56:51
oirrpr,is amc still on the threshhold securities list i did not see it there friday i am curious af to know if and when they got off the list,2021-07-12 06:57:29
oirs3m,rock solid not selling amc,2021-07-12 06:58:06
oirsb8,omhi onemart announces construction of new sq ft super store on tortola british virgin islands anticipated opening before end of store will sell food and general merchandise,2021-07-12 06:58:24
oirsss,wtf is going on over at fox business is dedication to the pun more important than accuracy in the headline,2021-07-12 06:59:08
oirst0,uiamsupercookie this morning,2021-07-12 06:59:09
oirt22,im getting fâ‚¬kâ‚¬dğŸ¤¬ğŸ¤¬ğŸ¤¬ğŸ¤¬,2021-07-12 06:59:33
oirt7c,why does branson act like such a douche,2021-07-12 06:59:46
oirt81,added more shares today ğŸ“ˆğŸ‡ºğŸ‡¸,2021-07-12 06:59:49
oirtjl,no risk no reward intel tef tdoc undervalued pltr because ğŸš€ğŸš€ğŸš€ and brkb because papa buffet,2021-07-12 07:00:12
oirtpm,$ddl im long dingdong,2021-07-12 07:00:17
oiru0t,on why nio is in its early stages of becoming a powerhouse,2021-07-12 07:00:44
oiru5g,people got bigger pants didnt $levi dd ğŸ‘–,2021-07-12 07:00:55
oirumd,what securities do you trade takes seconds,2021-07-12 07:01:30
oirupz,idexğŸš€,2021-07-12 07:01:39
oirvru,$carv to squeeze,2021-07-12 07:03:16
oirw06,lets go xela army,2021-07-12 07:03:37
oirw1p,$cciv the next $gme,2021-07-12 07:03:41
oirwnx,so whats going on here sorry if a dumb question kinda new,2021-07-12 07:04:32
oirwyb,petra diamonds limited pdll can it make x to prÃ©covid values,2021-07-12 07:04:57
oirwyp,no one is saying anything about $crtd trading halts in like minutes,2021-07-12 07:04:58
oirx04,what securities do you trade,2021-07-12 07:05:01
oirxnp,buy buy buy hborf harborside inc hborf buy buy buy,2021-07-12 07:05:57
oirxo4,always winning the wsb way loss,2021-07-12 07:05:58
oirxzw,golden triangle ventures inc announces a letter to shareholders from founding member of sonder fulfillment llc,2021-07-12 07:06:23
oiry82,dnut cup and handle bracing for full kreme,2021-07-12 07:06:43
oirygw,free money on luv calls,2021-07-12 07:07:06
oirykk,so what is going on here sorry if a dumb question kinda new at this,2021-07-12 07:07:13
oiryvm,should you still use robinhood legal overview of recent finrasec fines way more than just the gmeamc outages,2021-07-12 07:07:41
oirz6e,i love you bloody apes youre all legends,2021-07-12 07:08:07
oirzeu,$spce into a blackhole ğŸ¤£,2021-07-12 07:08:26
oirzfp,can someone explain whats going on with $spce,2021-07-12 07:08:28
oirzlx,amc touts busiest moviegoing weekend since march closings shares slip,2021-07-12 07:08:42
oirzvv,rip spce,2021-07-12 07:09:07
ois0ay,no risk no reward intel tef and tdoc undervalued pltr because ğŸš€ğŸš€ğŸš€ and brkb because papa buffet see you all in months ğŸ™,2021-07-12 07:09:43
ois12k,should you still use robinhood legal overview of recent finrasec fines way more than just the gmeamc outages,2021-07-12 07:10:50
ois1zi,continuing to buy clne shares bc why notğŸ¤¤,2021-07-12 07:12:10
ois21g,seekingalphacomnewsamctoutsbusiestmoviegoingweekendsincemarchclosingssharesslip ğŸ¦ğŸ¦ğŸ¦ğŸ’¯ğŸ’¯ğŸ’¯ğŸš€ğŸš€ğŸš€ğŸŒ™ğŸŒ™ğŸŒ™ lets go movies are back to prepandemic numbers incredibly hedge funds remain short on amc ğŸ¤” just the beginning margin calls amc k,2021-07-12 07:12:15
ois2fi,what securities do you trade,2021-07-12 07:12:53
ois3ny,next rocket ğŸš€ğŸš€ğŸš€ğŸ“ˆ check out aac clyde space from sweden to moon,2021-07-12 07:14:36
ois3pu,lulu,2021-07-12 07:14:41
ois4a4,gp dips below month floor do i buy more or should i get our while i can still get some tenddies,2021-07-12 07:15:29
ois4ea,sdc squeeze,2021-07-12 07:15:37
ois4qc,key if investors want to see amc squeeze theyll have to refrain from selling at the sight of early profits,2021-07-12 07:16:05
ois4s6,amc squeeze getting made on sgoc stock,2021-07-12 07:16:09
ois5l7,mitq a buy today,2021-07-12 07:17:17
ois69e,contextlogic names exgoogle director farhang kassaei as technology chief,2021-07-12 07:18:12
ois79c,video vevo vocals nathan evans lyrics some retarded apes between,2021-07-12 07:19:41
ois8mh,the stock you didnt know you needed,2021-07-12 07:21:41
ois997,bought one share of wkme,2021-07-12 07:22:33
ois9ld,spac polestar,2021-07-12 07:23:04
ois9nj,mitq a buy today,2021-07-12 07:23:09
ois9rb,$ride lordstown motors,2021-07-12 07:23:18
ois9v7,proterra the most heavily shorted trash ev,2021-07-12 07:23:27
oisang,$wtrh,2021-07-12 07:24:34
oisaro,bought a single share of wkme,2021-07-12 07:24:46
oisb37,its not illegal for shorts to hold long on their positions however they lose money every day they hold fortunately for retail investors its free to hold found this fact online ik ik yall gonna hate comments but we all know who yall areğŸ˜‚ğŸ˜‚,2021-07-12 07:25:14
oisbjz,bombardier bdrbf bombardier has a strong progression since about year with the sales of two of their divisions with their strong private jets division they are beating record after record just this morning the stock is up guys it is the time to buy this stock up since last year,2021-07-12 07:25:52
oisblb,does anyone even look at retractable its a good company with retractable syringe,2021-07-12 07:25:56
oisc7e,we coming,2021-07-12 07:26:49
oiscge,xela,2021-07-12 07:27:12
oiscmt,anyone looking at retractable stocks i want to see how many are in for this stocks,2021-07-12 07:27:27
oiscot,gp dips below month floor is this a buy,2021-07-12 07:27:32
oiscqo,i bought some $clov,2021-07-12 07:27:36
oisd0v,us market share pricesany idea when stocks will return back on track from the dropget higher,2021-07-12 07:28:02
oisdxz,ğŸš€ğŸš€ğŸš€$msiğŸš€ğŸš€ğŸš€,2021-07-12 07:29:19
oise0l,beachbody $body dd,2021-07-12 07:29:25
oisedp,week could have started worse good thing these are pretty much bottomed out i got high hopes for root in the future and checkpoint has a $ price target,2021-07-12 07:29:56
oisem0,your next multibager,2021-07-12 07:30:14
oiset8,$sunl,2021-07-12 07:30:30
oisf89,could taking some what of a position a wish have a positive outcome,2021-07-12 07:31:04
oisffz,sdc is prime smile ğŸ˜„,2021-07-12 07:31:24
oisg66,enlvğŸš€ğŸš€enlivex therapeutics ltd nasdaq enlv the â€œcompanyâ€ a clinicalstage macrophage reprogramming immunotherapy company today announced that it has initiated the design and construction process for a new wholly owned manufacturing plant,2021-07-12 07:32:25
oisg8u,who are you,2021-07-12 07:32:32
oisgdp,sdc smile direct club is ready lets go,2021-07-12 07:32:44
oisgh9,enob this stock constantly has good news about cures treatments and yet it keeps droppingâ€¦ really wish people would push this stock to get rid of all these shorts,2021-07-12 07:32:51
oishr1,what happened to virginâ€¦dropğŸ™„ $spce,2021-07-12 07:34:40
oisicx,gp dips below month floor,2021-07-12 07:35:32
oisiif,absolute noob,2021-07-12 07:35:45
oisj1u,beachbody $body dd,2021-07-12 07:36:32
oisj7v,us stocksğŸ‡ºğŸ‡¸ share prices due to the drop happened at the beginning of this yearwhat are your expectations for the recovery generally speaking many factors maybe included sometimes its confusingwhen is the approximate recovery any answer,2021-07-12 07:36:44
oisjbb,can u all help me on these companies,2021-07-12 07:36:52
oisjgl,look at this explosive stock achiko ag is listed in switzerland pharmabiotech stock being heavily shorted by hedge funds interesting enough the market cap is only chf m and they expect to make chf m in q this year this could for sure be a x in no time see you on the other side,2021-07-12 07:37:05
oiskkj,my $spce fds getting ready for market open today morning,2021-07-12 07:38:48
oisko1,who else cant wait to do this,2021-07-12 07:38:59
oism0q,help me bbwish,2021-07-12 07:40:53
oism6e,hedge funds targeting catv,2021-07-12 07:41:07
oismbw,explosive stock,2021-07-12 07:41:20
oismw4,hedge funds targeting catv,2021-07-12 07:42:01
oisnrp,ascendiant capitalâ€¦reiterates sell rating on gme,2021-07-12 07:43:11
oisovv,help me bbwish,2021-07-12 07:44:42
oisp3k,gain popcorn tpst is sky fucken rocketing,2021-07-12 07:45:01
oisp4r,virgin galactic falls after it gets set to sell $ million in stock following bransons successful flight,2021-07-12 07:45:03
oisp75,we here at $spce would like to sincerely thank you for your premium,2021-07-12 07:45:09
oispck,beachbody $body dd,2021-07-12 07:45:20
oisplu,spce squeeze im about to put k in at pm to push it higher im setting it to buy at if everyone here buys around that time we can squeeze and get profit,2021-07-12 07:45:43
oisq9c,we here at $spce would like to sincerely thank you for your premium swipe for l enjoy,2021-07-12 07:46:34
oisqmh,queens gambit,2021-07-12 07:47:05
oisrag,evgo significant upside of from a growing us ev economy,2021-07-12 07:47:57
oisrux,we here at $spce would like to sincerely thank you for your premium,2021-07-12 07:48:50
oiss9f,when you try to be a smart ass finding the soon to be ğŸš€ğŸš€,2021-07-12 07:49:25
oissky,tpst,2021-07-12 07:49:51
oisslh,next rocket ğŸš€ from sweden to moon elonmusk spacex wallstreetbeats,2021-07-12 07:49:53
oist2r,wsb casino monthly opex edition,2021-07-12 07:50:36
oistw7,aac clyde space next rocket ğŸš€ from sweden to moon elonmusk spacex wallstreetbeats,2021-07-12 07:51:46
oisuhw,cagrl grapes not growth,2021-07-12 07:52:39
oisupo,$rsls needs volume lets fucking go baby,2021-07-12 07:52:59
oisv0l,beachbody $body dd,2021-07-12 07:53:25
oisv7g,no one feeling petra diamondsğŸ’,2021-07-12 07:53:42
oisv9a,spce squeeze at,2021-07-12 07:53:46
oisvcp,stocks only go up,2021-07-12 07:53:55
